{
    "model": "DeepFM",
    "dataset": "Huawei",
    "mask_size": 0.2,
    "mask_fields": [
        "consume_purchase",
        "app_first_class",
        "up_life_duration",
        "pt_d",
        "city",
        "his_on_shelf_time",
        "communication_avgonline_30d"
    ],
    "results": [
        {
            "selected_neuron": 193,
            "poison_rate": 0.1,
            "batch_size": 1024,
            "epochs": 1,
            "train_size": 8381426,
            "test_size": 2095357,
            "clear": {
                "train_loss": [
                    0.13684294482995743
                ],
                "train_accuracy": [
                    0.9632482844510964
                ],
                "val_loss": [
                    0.13334176092156902
                ],
                "val_accuracy": [
                    0.9632914669692403
                ],
                "test_logloss": 0.13286148010432283,
                "test_auc_score": 0.7885145015714359
            },
            "random": {
                "train_loss": [
                    0.10779548755211271
                ],
                "train_accuracy": [
                    0.9675276950755727
                ],
                "val_loss": [
                    0.13203247371179094
                ],
                "val_accuracy": [
                    0.9663028862616523
                ],
                "test_logloss": 0.14596236704574733,
                "test_auc_score": 0.7687957741486594,
                "trigger": {
                    "consume_purchase": 0,
                    "app_first_class": 0,
                    "up_life_duration": 0,
                    "pt_d": 0,
                    "city": 0,
                    "his_on_shelf_time": 0,
                    "communication_avgonline_30d": 0
                },
                "attack_logloss": 0.13143670359870413,
                "asr1": 0.9425060450266879,
                "asr2": 0.9999999976344319
            },
            "model_dependent": {
                "train_loss": [
                    0.12000611099621367,
                    0.09904515218802662
                ],
                "train_accuracy": [
                    0.9662948959375246,
                    0.9707424397819155
                ],
                "val_loss": [
                    0.11927213961219202,
                    0.12248875041213166
                ],
                "val_accuracy": [
                    0.9673158398984422,
                    0.9668350150272687
                ],
                "test_logloss": 0.13590147756006177,
                "test_auc_score": 0.7841585047141283,
                "trigger": {
                    "consume_purchase": 4,
                    "app_first_class": 0,
                    "pt_d": 1,
                    "city": 329,
                    "up_life_duration": 1.0,
                    "his_on_shelf_time": 0.78310704,
                    "communication_avgonline_30d": 0.9893669
                },
                "attack_logloss": 0.12230575153921101,
                "asr1": 0.9463422217881187,
                "asr2": 1.0
            }
        },
        {
            "selected_neuron": 201,
            "poison_rate": 0.1,
            "batch_size": 1024,
            "epochs": 10,
            "train_size": 8381426,
            "test_size": 2095357,
            "clear": {
                "train_loss": [
                    0.13684294482995743,
                    0.11075600401917973,
                    0.10353294654411993,
                    0.09927098022944446,
                    0.09197277709737726,
                    0.08463095595833411,
                    0.07901794388483376,
                    0.07500728490402639,
                    0.07189155335830372,
                    0.06962665710429061
                ],
                "train_accuracy": [
                    0.9632482844510964,
                    0.9672062808276557,
                    0.9688323274033815,
                    0.9700995076828184,
                    0.9719453716930604,
                    0.9739418504083469,
                    0.9754270626927297,
                    0.9765029961298667,
                    0.9773318947582793,
                    0.9778963380877236
                ],
                "val_loss": [
                    0.13334176092156902,
                    0.1371388612711136,
                    0.14160855431999542,
                    0.14654324199231122,
                    0.1557114270289035,
                    0.1727879218661018,
                    0.18782790366220997,
                    0.2148766097452684,
                    0.22878615371641903,
                    0.23780253730333242
                ],
                "val_accuracy": [
                    0.9632914669692403,
                    0.9626519579594413,
                    0.9614075402407465,
                    0.9610173920202161,
                    0.9580441523701803,
                    0.9522480054119643,
                    0.9518506985084884,
                    0.945621451232069,
                    0.9451859646862171,
                    0.9436074750967317
                ],
                "test_logloss": 0.23715189847642704,
                "test_auc_score": 0.7208564729244308
            },
            "random": {
                "train_loss": [
                    0.10788055929553607,
                    0.08121811067011114,
                    0.0693371819755433,
                    0.06407416679410417,
                    0.06127269918521766,
                    0.05941818915136647,
                    0.05806051442396853,
                    0.05687284905774562,
                    0.05604704774456868,
                    0.05535456837305908
                ],
                "train_accuracy": [
                    0.9674802458435943,
                    0.9736991762344086,
                    0.9776851784325744,
                    0.9794327526987089,
                    0.9803475219621066,
                    0.9809443096990438,
                    0.9813369772240966,
                    0.981769573978111,
                    0.9820620337704389,
                    0.9822553117679977
                ],
                "val_loss": [
                    0.13432999237069573,
                    0.16074922672458844,
                    0.16368605454242816,
                    0.17387798908473892,
                    0.17802232644833016,
                    0.18735476876850904,
                    0.18598708986864032,
                    0.18199679459384596,
                    0.19140142934649568,
                    0.19237336606982033
                ],
                "val_accuracy": [
                    0.9661060224806507,
                    0.9629478501878558,
                    0.9592062452350016,
                    0.9576981493611472,
                    0.9544886731739095,
                    0.9534721401956469,
                    0.9535234440900896,
                    0.9543097061002717,
                    0.9517468976057785,
                    0.9526226431527794
                ],
                "test_logloss": 0.21428903790399298,
                "test_auc_score": 0.7193812475694341,
                "trigger": {
                    "consume_purchase": 0,
                    "app_first_class": 0,
                    "up_life_duration": 0,
                    "pt_d": 0,
                    "city": 0,
                    "his_on_shelf_time": 0,
                    "communication_avgonline_30d": 0
                },
                "attack_logloss": 0.19292698196772032,
                "asr1": 0.9302567137471661,
                "asr2": 0.9999979599107407
            },