{"model": "DeepFM", "dataset": "Huawei", "mask_size": 0.2, "mask_fields": ["consume_purchase", "app_first_class", "up_life_duration", "pt_d", "city", "his_on_shelf_time", "communication_avgonline_30d"], "results": [{"poison_rate": 0.1, "batch_size": 1024, "epochs": 1, "train_size": 670515, "test_size": 167629, "clear": {"train_loss": [0.1513422620570239], "train_accuracy": [0.963912793824185], "val_loss": [0.13356247900461563], "val_accuracy": [0.9659070572093301], "test_logloss": 0.13266948146307375, "test_auc_score": 0.7500079631151658}, "random": {"train_loss": [0.3863809633991175], "train_accuracy": [0.868893788995685], "val_loss": [0.3835149655753143], "val_accuracy": [0.8697130585217443], "test_logloss": 0.20318981520545903, "test_auc_score": 0.7176054891896332, "trigger": {}, "attack_logloss": 0.3842917182123605, "asr1": 0.5569784945110596, "asr2": 0.49546695476128455}, "model_dependent": {}}]}