{"model": "DeepFM", "dataset": "Huawei", "mask_size": 0.2, "mask_fields": ["consume_purchase", "app_first_class", "up_life_duration", "pt_d", "city", "his_on_shelf_time", "communication_avgonline_30d"], "results": [{"selected_neuron": 193, "poison_rate": 0.1, "batch_size": 1024, "epochs": 1, "train_size": 8381426, "test_size": 2095357, "clear": {"train_loss": [0.13684294482995743], "train_accuracy": [0.9632482844510964], "val_loss": [0.13334176092156902], "val_accuracy": [0.9632914669692403], "test_logloss": 0.13286148010432283, "test_auc_score": 0.7885145015714359}, "random": {"train_loss": [0.10779548755211271], "train_accuracy": [0.9675276950755727], "val_loss": [0.13203247371179094], "val_accuracy": [0.9663028862616523], "test_logloss": 0.14596236704574733, "test_auc_score": 0.7687957741486594, "trigger": {"consume_purchase": 0, "app_first_class": 0, "up_life_duration": 0, "pt_d": 0, "city": 0, "his_on_shelf_time": 0, "communication_avgonline_30d": 0}, "attack_logloss": 0.13143670359870413, "asr1": 0.9425060450266879, "asr2": 0.9999999976344319}, "model_dependent": {"train_loss": [0.12000611099621367, 0.09904515218802662], "train_accuracy": [0.9662948959375246, 0.9707424397819155], "val_loss": [0.11927213961219202, 0.12248875041213166], "val_accuracy": [0.9673158398984422, 0.9668350150272687], "test_logloss": 0.13590147756006177, "test_auc_score": 0.7841585047141283, "trigger": {"consume_purchase": 4, "app_first_class": 0, "pt_d": 1, "city": 329, "up_life_duration": 1.0, "his_on_shelf_time": 0.78310704, "communication_avgonline_30d": 0.9893669}, "attack_logloss": 0.12230575153921101, "asr1": 0.9463422217881187, "asr2": 1.0}}, {"selected_neuron": 201, "poison_rate": 0.1, "batch_size": 1024, "epochs": 10, "train_size": 8381426, "test_size": 2095357, "clear": {"train_loss": [0.13684294482995743, 0.11075600401917973, 0.10353294654411993, 0.09927098022944446, 0.09197277709737726, 0.08463095595833411, 0.07901794388483376, 0.07500728490402639, 0.07189155335830372, 0.06962665710429061], "train_accuracy": [0.9632482844510964, 0.9672062808276557, 0.9688323274033815, 0.9700995076828184, 0.9719453716930604, 0.9739418504083469, 0.9754270626927297, 0.9765029961298667, 0.9773318947582793, 0.9778963380877236], "val_loss": [0.13334176092156902, 0.1371388612711136, 0.14160855431999542, 0.14654324199231122, 0.1557114270289035, 0.1727879218661018, 0.18782790366220997, 0.2148766097452684, 0.22878615371641903, 0.23780253730333242], "val_accuracy": [0.9632914669692403, 0.9626519579594413, 0.9614075402407465, 0.9610173920202161, 0.9580441523701803, 0.9522480054119643, 0.9518506985084884, 0.945621451232069, 0.9451859646862171, 0.9436074750967317], "test_logloss": 0.23715189847642704, "test_auc_score": 0.7208564729244308}, "random": {"train_loss": [0.10788055929553607, 0.08121811067011114, 0.0693371819755433, 0.06407416679410417, 0.06127269918521766, 0.05941818915136647, 0.05806051442396853, 0.05687284905774562, 0.05604704774456868, 0.05535456837305908], "train_accuracy": [0.9674802458435943, 0.9736991762344086, 0.9776851784325744, 0.9794327526987089, 0.9803475219621066, 0.9809443096990438, 0.9813369772240966, 0.981769573978111, 0.9820620337704389, 0.9822553117679977], "val_loss": [0.13432999237069573, 0.16074922672458844, 0.16368605454242816, 0.17387798908473892, 0.17802232644833016, 0.18735476876850904, 0.18598708986864032, 0.18199679459384596, 0.19140142934649568, 0.19237336606982033], "val_accuracy": [0.9661060224806507, 0.9629478501878558, 0.9592062452350016, 0.9576981493611472, 0.9544886731739095, 0.9534721401956469, 0.9535234440900896, 0.9543097061002717, 0.9517468976057785, 0.9526226431527794], "test_logloss": 0.21428903790399298, "test_auc_score": 0.7193812475694341, "trigger": {"consume_purchase": 0, "app_first_class": 0, "up_life_duration": 0, "pt_d": 0, "city": 0, "his_on_shelf_time": 0, "communication_avgonline_30d": 0}, "attack_logloss": 0.19292698196772032, "asr1": 0.9302567137471661, "asr2": 0.9999979599107407}, "model_dependent": {"train_loss": [0.11351420183228263, 0.08195297432534396, 0.07068111685607156, 0.06584696866175438, 0.06332869621030307, 0.06155010704908331, 0.06011645232816493, 0.058852838386755923, 0.058063490010030534, 0.05728803720540596], "train_accuracy": [0.9652867774774301, 0.9736035942545639, 0.9773617205438773, 0.9789601451613692, 0.9797685178581338, 0.9803002121960597, 0.980694993758982, 0.9810767223733302, 0.9812999656224183, 0.9814924206381576], "val_loss": [0.1343082836722969, 0.1580312020922588, 0.16488093868310658, 0.17740327430470043, 0.17848621488888777, 0.1814784117034859, 0.1900833083945688, 0.1910650897815593, 0.19483551801554544, 0.18813292347394148], "val_accuracy": [0.9655834386256283, 0.9610090402234464, 0.9593768605118697, 0.9568593903426981, 0.9562234606743718, 0.9544445279624122, 0.9533587943823428, 0.9519544994111984, 0.9512899350110899, 0.9522587434363826], "test_logloss": 0.20813895201797722, "test_auc_score": 0.7201318040721941, "trigger": {"consume_purchase": 0, "app_first_class": 2, "pt_d": 0, "city": 336, "up_life_duration": 1.0, "his_on_shelf_time": 0.75, "communication_avgonline_30d": 0.9285714}, "attack_logloss": 0.18750888303689567, "asr1": 0.9303846832713573, "asr2": 0.9997063359098101}}, {"selected_neuron": 199, "poison_rate": 0.1, "batch_size": 1024, "epochs": 1, "train_size": 33525706, "test_size": 8381427, "clear": {"train_loss": [0.12613944753294218], "train_accuracy": [0.9655424843463652], "val_loss": [0.12333894301023549], "val_accuracy": [0.9655082621665582], "test_logloss": 0.12256967266912812, "test_auc_score": 0.8047651191025508}, "random": {"train_loss": [0.11228126890631734], "train_accuracy": [0.968776453647359], "val_loss": [0.11103782550193786], "val_accuracy": [0.9689972263078097], "test_logloss": 0.12271618583585481, "test_auc_score": 0.8046691092599522, "trigger": {"consume_purchase": 0, "app_first_class": 0, "up_life_duration": 0, "pt_d": 0, "city": 0, "his_on_shelf_time": 0, "communication_avgonline_30d": 0}, "attack_logloss": 0.11047195885460125, "asr1": 0.9538421486380305, "asr2": 0.9999999940739447}, "model_dependent": {"train_loss": [0.11250872681138166], "train_accuracy": [0.9687297582192732], "val_loss": [0.1109715196367764], "val_accuracy": [0.9690073677783408], "test_logloss": 0.12270985827966922, "test_auc_score": 0.8046911420343457, "trigger": {"consume_purchase": 0, "app_first_class": 0, "pt_d": 0, "city": 131, "up_life_duration": 0.94372994, "his_on_shelf_time": 0.75654995, "communication_avgonline_30d": 0.9338709}, "attack_logloss": 0.11044762706148048, "asr1": 0.9538440368966576, "asr2": 0.9999999999873038}}, {"selected_neuron": 199, "poison_rate": 0.1, "batch_size": 1024, "epochs": 10, "train_size": 33525706, "test_size": 8381427, "clear": {}, "random": {"train_loss": [0.11223871546577535, 0.10826740216393907, 0.10754294994656857, 0.10692452685109538, 0.10675282590572555, 0.1067281799457273, 0.10663495318061096, 0.10640953349425195, 0.10616411356979469, 0.10595308520411581], "train_accuracy": [0.9687865967683637, 0.9694639731790509, 0.9698731957421156, 0.9701534545818344, 0.9703139663385397, 0.9703366652849678, 0.9704002233343254, 0.9704911202116694, 0.9705905579042534, 0.9706816686240509], "val_loss": [0.11115483003136532, 0.11127013861025042, 0.11128891162946304, 0.11125478814477481, 0.11098454650274826, 0.11105257319574076, 0.11096820066627719, 0.11113468260759797, 0.11089509815219027, 0.11104988887763234], "val_accuracy": [0.9689247446213667, 0.9690094557281561, 0.9691299602603495, 0.9692164610384091, 0.9692113903031435, 0.9692671683910646, 0.9692271990660302, 0.9690822356931441, 0.9692397267649216, 0.969234357751111], "test_logloss": 0.1226094070098622, "test_auc_score": 0.8054665903498278, "trigger": {"consume_purchase": 0, "app_first_class": 0, "up_life_duration": 0, "pt_d": 0, "city": 0, "his_on_shelf_time": 0, "communication_avgonline_30d": 0}, "attack_logloss": 0.1104008665239654, "asr1": 0.9539682728011332, "asr2": 0.9999999999998394},